load_id,origin,destination,pickup_datetime,delivery_datetime,equipment_type,loadboard_rate,notes,weight,commodity_type,num_of_pieces,miles,dimensions,status,company_name,mc_number,agreement_date,agreed_rate
L-2001,"Nashville, TN","Phoenix, AZ",2026-05-08T08:15:00+00:00,2026-05-10T14:02:09.185484+00:00,Dry Van,2770,Drop and hook at both ends.,28000,Apparel,6,1442,48x40x48 in pallets,available,,,,
L-2002,"Los Angeles, CA","Detroit, MI",2026-05-01T14:15:00+00:00,2026-05-04T16:40:26.682426+00:00,Reefer,4390,Maintain 34F throughout transit.,43000,Meat,14,1978,48x40x48 in pallets,available,,,,
L-2003,"New Orleans, LA","Salt Lake City, UT",2026-05-11T09:15:00+00:00,2026-05-13T12:45:04.518174+00:00,Flatbed,3370,Detention paid after 2 hours.,41000,Concrete Products,9,1432,360x96x90 in,available,,,,
L-2004,"Denver, CO","Columbus, OH",2026-05-23T12:14:27.087226+00:00,2026-05-25T10:36:02.758179+00:00,Dry Van,2340,Chains nicely from a delivery in this city — repeat-lane discount possible. No-touch freight.,38000,Paper Products,24,1164,48x40x50 in pallets,available,,,,
L-2005,"Jacksonville, FL","Los Angeles, CA",2026-05-05T16:35:11.716424+00:00,2026-05-08T22:04:23.686320+00:00,Dry Van,3950,Chains nicely from a delivery in this city — repeat-lane discount possible. TWIC card required at port pickup.,28000,Electronics,26,2142,48x40x55 in pallets,available,,,,
L-2006,"El Paso, TX","Miami, FL",2026-05-22T09:00:00+00:00,2026-05-24T18:15:23.486482+00:00,Dry Van,3120,Appointment required at delivery.,32000,Electronics,11,1641,48x40x60 in pallets,available,,,,
L-2007,"Seattle, WA","Pittsburgh, PA",2026-05-18T08:30:00+00:00,2026-05-21T14:30:41.067651+00:00,Reefer,4740,Drop and hook at both ends.,22000,Pharmaceuticals,31,2132,48x40x55 in pallets,available,,,,
L-2008,"Portland, OR","Pittsburgh, PA",2026-05-30T15:30:00+00:00,2026-06-02T19:33:01.822234+00:00,Dry Van,3990,TWIC card required at port pickup.,46000,Electronics,10,2160,48x40x55 in pallets,available,,,,
L-2009,"Houston, TX","Cleveland, OH",2026-05-15T00:41:27.479867+00:00,2026-05-16T23:09:36.346207+00:00,Step Deck,3100,Chains nicely from a delivery in this city — repeat-lane discount possible. Inside delivery. Driver assist required.,43000,Oversized Cargo,22,1114,300x102x101 in,available,,,,
L-2010,"New Orleans, LA","El Paso, TX",2026-05-21T07:45:00+00:00,2026-05-22T17:44:08.290043+00:00,Dry Van,1810,TWIC card required at port pickup.,43000,Retail Goods,22,980,48x40x55 in pallets,available,,,,
L-2011,"Pittsburgh, PA","Dallas, TX",2026-05-22T14:30:00+00:00,2026-05-24T02:57:15.821750+00:00,Flatbed,2520,Detention paid after 2 hours.,41000,Steel,11,1069,420x96x36 in,available,,,,
L-2012,"Oklahoma City, OK","Cleveland, OH",2026-05-17T06:30:00+00:00,2026-05-18T16:52:00.038614+00:00,Reefer,2080,Inside delivery. Driver assist required.,36000,Frozen Seafood,23,950,48x40x65 in pallets,available,,,,
L-2013,"Minneapolis, MN","Dallas, TX",2026-05-16T05:00:00+00:00,2026-05-17T13:58:35.020074+00:00,Reefer,1920,Appointment required at delivery.,38000,Produce,24,863,48x40x48 in pallets,available,,,,
L-2014,"Houston, TX","Boston, MA",2026-05-05T13:15:00+00:00,2026-05-07T20:22:12.815457+00:00,Dry Van,3300,Multi-stop pickup at two locations.,43000,Retail Goods,30,1603,48x40x70 in pallets,available,,,,
L-2015,"Atlanta, GA","Portland, OR",2026-05-13T10:45:00+00:00,2026-05-16T17:42:30.442819+00:00,Flatbed,5120,Appointment required at delivery.,46000,Lumber,8,2168,360x96x37 in,available,,,,
L-2016,"Memphis, TN","Oklahoma City, OK",2026-05-01T06:00:00+00:00,2026-05-01T17:20:08.761687+00:00,Dry Van,850,Live unload. Lumper fee reimbursed with receipt.,22000,Electronics,22,421,48x40x50 in pallets,available,,,,
L-2017,"Las Vegas, NV","Boston, MA",2026-05-24T15:45:00+00:00,2026-05-28T10:06:07.160290+00:00,Dry Van,4740,Appointment required at delivery.,46000,Retail Goods,9,2369,48x40x48 in pallets,available,,,,
L-2018,"Atlanta, GA","Richmond, VA",2026-05-14T13:00:00+00:00,2026-05-15T03:05:36.449481+00:00,Dry Van,810,No-touch freight.,28000,Beverages,31,470,48x40x48 in pallets,available,,,,
L-2019,"Los Angeles, CA","Chicago, IL",2026-05-05T11:15:00+00:00,2026-05-08T07:12:15.050083+00:00,Dry Van,3530,Live unload. Lumper fee reimbursed with receipt.,36000,Paper Products,20,1742,48x40x65 in pallets,available,,,,
L-2020,"Houston, TX","Los Angeles, CA",2026-05-03T08:15:00+00:00,2026-05-05T11:16:32.362435+00:00,Flatbed,3300,Detention paid after 2 hours.,46000,Steel,7,1370,300x96x60 in,available,,,,
L-2021,"Dallas, TX","New Orleans, LA",2026-05-10T11:45:00+00:00,2026-05-10T23:12:33.074284+00:00,Dry Van,790,Drop and hook at both ends.,38000,Paper Products,24,442,48x40x70 in pallets,available,,,,
L-2022,"Columbus, OH","El Paso, TX",2026-05-02T05:45:00+00:00,2026-05-04T10:18:05.045514+00:00,Step Deck,3720,Multi-stop pickup at two locations.,32000,Construction Equipment,8,1427,240x102x100 in,available,,,,
L-2023,"Memphis, TN","Los Angeles, CA",2026-05-13T06:15:00+00:00,2026-05-15T14:32:44.434428+00:00,Flatbed,4170,Detention paid after 2 hours.,22000,Building Materials,27,1599,480x96x72 in,available,,,,
L-2024,"Cleveland, OH","Atlanta, GA",2026-05-22T10:15:00+00:00,2026-05-23T10:24:44.848980+00:00,Dry Van,1080,FCFS pickup window.,32000,Electronics,20,555,48x40x55 in pallets,available,,,,
L-2025,"St. Louis, MO","Los Angeles, CA",2026-05-20T15:00:00+00:00,2026-05-22T20:59:34.954384+00:00,Dry Van,2990,Inside delivery. Driver assist required.,36000,Paper Products,17,1585,48x40x48 in pallets,available,,,,
L-2026,"Newark, NJ","Detroit, MI",2026-05-06T13:30:00+00:00,2026-05-07T03:22:00.159826+00:00,Dry Van,920,Multi-stop pickup at two locations.,22000,Apparel,15,471,48x40x70 in pallets,available,,,,
L-2027,"Houston, TX","Denver, CO",2026-05-29T06:15:00+00:00,2026-05-30T12:53:57.814257+00:00,Dry Van,1730,Appointment required at delivery.,36000,Auto Parts,27,878,48x40x70 in pallets,available,,,,
L-2028,"Newark, NJ","Cleveland, OH",2026-05-09T05:00:00+00:00,2026-05-09T17:25:01.696041+00:00,Reefer,840,No-touch freight.,38000,Dairy,30,394,48x40x50 in pallets,available,,,,
L-2029,"Nashville, TN","Cleveland, OH",2026-05-18T11:00:00+00:00,2026-05-18T22:37:38.983880+00:00,Dry Van,870,No-touch freight.,32000,Paper Products,24,459,48x40x65 in pallets,available,,,,
L-2030,"San Antonio, TX","Richmond, VA",2026-05-10T10:00:00+00:00,2026-05-12T14:15:20.514766+00:00,Dry Van,2610,Live unload. Lumper fee reimbursed with receipt.,36000,Consumer Goods,17,1333,48x40x65 in pallets,available,,,,
L-2031,"Newark, NJ","Birmingham, AL",2026-05-05T08:15:00+00:00,2026-05-06T17:14:05.366874+00:00,Reefer,2150,Drop and hook at both ends.,32000,Pharmaceuticals,11,854,48x40x70 in pallets,available,,,,
L-2032,"St. Louis, MO","Atlanta, GA",2026-05-09T07:00:00+00:00,2026-05-09T19:52:12.600805+00:00,Dry Van,940,Appointment required at delivery.,22000,Electronics,12,467,48x40x60 in pallets,available,,,,
L-2033,"Denver, CO","Nashville, TN",2026-05-01T08:45:00+00:00,2026-05-02T18:27:46.972097+00:00,Dry Van,2100,FCFS pickup window.,28000,Electronics,17,1020,48x40x70 in pallets,available,,,,
L-2034,"Detroit, MI","Birmingham, AL",2026-05-31T05:00:00+00:00,2026-06-01T09:19:41.353127+00:00,Flatbed,1530,FCFS pickup window.,38000,Lumber,7,641,240x96x74 in,available,,,,
L-2035,"Chicago, IL","Tampa, FL",2026-05-13T07:01:19.021299+00:00,2026-05-14T17:54:09.786520+00:00,Flatbed,2440,Chains nicely from a delivery in this city — repeat-lane discount possible. Oversized load permit included.,36000,Lumber,19,1005,240x96x69 in,available,,,,
L-2036,"St. Louis, MO","Kansas City, MO",2026-05-12T11:00:00+00:00,2026-05-12T21:32:07.792598+00:00,Flatbed,620,Coil racks required.,41000,Building Materials,9,237,360x96x68 in,available,,,,
L-2037,"Phoenix, AZ","Charlotte, NC",2026-05-21T00:13:50.234323+00:00,2026-05-23T19:49:40.219815+00:00,Dry Van,3470,Chains nicely from a delivery in this city — repeat-lane discount possible. Inside delivery. Driver assist required.,43000,Beverages,25,1778,48x40x65 in pallets,available,,,,
L-2038,"Phoenix, AZ","Birmingham, AL",2026-05-10T09:15:00+00:00,2026-05-12T14:00:34.389360+00:00,Reefer,3380,TWIC card required at port pickup.,41000,Frozen Food,27,1452,48x40x50 in pallets,available,,,,
L-2039,"Detroit, MI","Newark, NJ",2026-05-22T06:30:00+00:00,2026-05-22T19:58:54.508943+00:00,Flatbed,1110,Appointment required at delivery.,41000,Building Materials,27,471,360x96x50 in,available,,,,
L-2040,"Richmond, VA","Portland, OR",2026-05-02T08:45:00+00:00,2026-05-06T04:36:54.345212+00:00,Dry Van,4430,Appointment required at delivery.,28000,Consumer Goods,28,2371,48x40x70 in pallets,available,,,,
L-2041,"Seattle, WA","Boston, MA",2026-05-05T05:00:00+00:00,2026-05-09T03:48:49.253857+00:00,Dry Van,4390,Multi-stop pickup at two locations.,36000,Electronics,20,2485,48x40x48 in pallets,available,,,,
L-2042,"Pittsburgh, PA","Detroit, MI",2026-05-05T13:30:00+00:00,2026-05-05T23:24:00.570362+00:00,Dry Van,400,Multi-stop pickup at two locations.,46000,Paper Products,19,205,48x40x65 in pallets,available,,,,
L-2043,"Chicago, IL","Salt Lake City, UT",2026-05-15T09:15:00+00:00,2026-05-17T11:44:58.025585+00:00,Step Deck,3780,Multi-stop pickup at two locations.,38000,Construction Equipment,21,1257,360x102x111 in,available,,,,
L-2044,"Las Vegas, NV","Baltimore, MD",2026-05-08T09:30:00+00:00,2026-05-11T12:46:43.817785+00:00,Dry Van,3680,Appointment required at delivery.,28000,Apparel,18,2100,48x40x70 in pallets,available,,,,
L-2045,"San Antonio, TX","Indianapolis, IN",2026-05-14T10:45:00+00:00,2026-05-15T20:23:35.148971+00:00,Dry Van,2010,Detention paid after 2 hours.,36000,Beverages,30,999,48x40x65 in pallets,available,,,,
L-2046,"Kansas City, MO","Houston, TX",2026-05-13T13:00:00+00:00,2026-05-14T17:41:27.479867+00:00,Step Deck,1940,Detention paid after 2 hours.,38000,Oversized Cargo,23,646,360x102x143 in,booked,Pine Ridge Trucking,672041,2026-05-10T12:00:00+00:00,1940
L-2047,"Columbus, OH","Indianapolis, IN",2026-05-09T11:45:00+00:00,2026-05-09T17:13:33.957407+00:00,Reefer,410,Detention paid after 2 hours.,41000,Frozen Seafood,29,168,48x40x50 in pallets,available,,,,
L-2048,"Philadelphia, PA","Baltimore, MD",2026-05-30T11:00:00+00:00,2026-05-30T15:06:56.843455+00:00,Dry Van,160,TWIC card required at port pickup.,43000,Consumer Goods,11,89,48x40x48 in pallets,available,,,,
L-2049,"Sacramento, CA","New Orleans, LA",2026-05-15T10:30:00+00:00,2026-05-18T11:07:29.707794+00:00,Dry Van,3390,Detention paid after 2 hours.,43000,Electronics,14,1879,48x40x48 in pallets,available,,,,
L-2050,"Chicago, IL","Houston, TX",2026-05-02T10:15:00+00:00,2026-05-03T19:41:26.074943+00:00,Step Deck,2820,Appointment required at delivery.,22000,Oversized Cargo,12,942,240x102x135 in,available,,,,
L-2051,"San Antonio, TX","Cleveland, OH",2026-05-22T06:15:00+00:00,2026-05-24T07:13:48.489361+00:00,Dry Van,2490,Inside delivery. Driver assist required.,38000,Paper Products,25,1256,48x40x65 in pallets,available,,,,
L-2052,"Oklahoma City, OK","Phoenix, AZ",2026-05-31T09:00:00+00:00,2026-06-01T16:05:41.060148+00:00,Step Deck,2430,Detention paid after 2 hours.,38000,Heavy Machinery,18,839,360x102x108 in,available,,,,
L-2053,"Dallas, TX","Cleveland, OH",2026-05-28T15:00:00+00:00,2026-05-30T02:39:53.671919+00:00,Dry Van,1870,Detention paid after 2 hours.,22000,Apparel,27,1024,48x40x55 in pallets,available,,,,
L-2054,"Dallas, TX","Minneapolis, MN",2026-05-01T11:45:00+00:00,2026-05-02T17:25:55.759737+00:00,Flatbed,2260,TWIC card required at port pickup.,41000,Lumber,28,863,300x96x63 in,available,,,,
L-2055,"Los Angeles, CA","St. Louis, MO",2026-05-20T14:45:00+00:00,2026-05-22T22:18:34.182312+00:00,Flatbed,3900,Appointment required at delivery.,38000,Lumber,32,1585,240x96x53 in,available,,,,
L-2056,"Newark, NJ","Richmond, VA",2026-05-19T15:45:00+00:00,2026-05-20T00:42:56.111326+00:00,Dry Van,570,Inside delivery. Driver assist required.,46000,Paper Products,21,281,48x40x50 in pallets,available,,,,
L-2057,"Denver, CO","Columbus, OH",2026-05-29T15:30:00+00:00,2026-05-31T15:00:11.390802+00:00,Dry Van,2020,Detention paid after 2 hours.,36000,Apparel,21,1164,48x40x65 in pallets,available,,,,
L-2058,"New Orleans, LA","Detroit, MI",2026-05-21T13:45:00+00:00,2026-05-22T23:42:06.233301+00:00,Flatbed,2300,Detention paid after 2 hours.,28000,Concrete Products,28,939,300x96x55 in,available,,,,
L-2059,"Atlanta, GA","Miami, FL",2026-05-17T10:45:00+00:00,2026-05-18T14:51:23.493081+00:00,Reefer,1380,TWIC card required at port pickup.,41000,Meat,14,606,48x40x55 in pallets,available,,,,
L-2060,"Sacramento, CA","Detroit, MI",2026-05-11T06:15:00+00:00,2026-05-14T07:24:58.190011+00:00,Dry Van,3640,Multi-stop pickup at two locations.,46000,Electronics,25,2020,48x40x55 in pallets,available,,,,
L-2061,"Houston, TX","Chicago, IL",2026-05-12T07:30:00+00:00,2026-05-13T14:23:47.736488+00:00,Dry Van,1700,Drop and hook at both ends.,32000,Electronics,23,942,48x40x55 in pallets,available,,,,
L-2062,"Atlanta, GA","Albuquerque, NM",2026-05-04T05:30:00+00:00,2026-05-06T06:45:27.316007+00:00,Reefer,2880,Drop and hook at both ends.,46000,Dairy,14,1269,48x40x60 in pallets,available,,,,
L-2063,"Houston, TX","Sacramento, CA",2026-05-03T15:00:00+00:00,2026-05-05T21:42:24.868900+00:00,Dry Van,2780,Appointment required at delivery.,38000,Paper Products,9,1605,48x40x65 in pallets,available,,,,
L-2064,"New Orleans, LA","Charlotte, NC",2026-05-26T15:15:00+00:00,2026-05-27T19:18:45.986972+00:00,Reefer,1510,TWIC card required at port pickup.,43000,Meat,15,648,48x40x65 in pallets,available,,,,
L-2065,"Chicago, IL","Nashville, TN",2026-05-02T15:00:00+00:00,2026-05-03T04:43:49.298885+00:00,Reefer,950,FCFS pickup window.,36000,Meat,27,397,48x40x48 in pallets,available,,,,
L-2066,"El Paso, TX","Cleveland, OH",2026-05-06T05:45:00+00:00,2026-05-08T12:00:43.253346+00:00,Dry Van,2760,Appointment required at delivery.,46000,Auto Parts,15,1523,48x40x70 in pallets,available,,,,
L-2067,"Phoenix, AZ","Philadelphia, PA",2026-05-30T09:15:00+00:00,2026-06-02T12:29:26.001112+00:00,Dry Van,4030,FCFS pickup window.,36000,Electronics,32,2077,48x40x50 in pallets,available,,,,
L-2068,"Dallas, TX","Los Angeles, CA",2026-05-20T15:30:00+00:00,2026-05-22T15:59:47.809661+00:00,Dry Van,2420,Detention paid after 2 hours.,46000,Apparel,14,1237,48x40x65 in pallets,available,,,,
L-2069,"Columbus, OH","Boston, MA",2026-05-20T05:45:00+00:00,2026-05-21T09:30:29.288495+00:00,Dry Van,1100,Appointment required at delivery.,38000,Auto Parts,27,641,48x40x65 in pallets,available,,,,
L-2070,"Memphis, TN","Houston, TX",2026-05-27T09:00:00+00:00,2026-05-27T23:43:56.769660+00:00,Step Deck,1370,TWIC card required at port pickup.,32000,Oversized Cargo,14,484,240x102x133 in,available,,,,
L-2071,"Chicago, IL","Boston, MA",2026-05-12T11:30:00+00:00,2026-05-13T17:44:39.238886+00:00,Dry Van,1710,No-touch freight.,28000,Paper Products,19,848,48x40x70 in pallets,available,,,,
L-2072,"Indianapolis, IN","Memphis, TN",2026-05-27T14:00:00+00:00,2026-05-28T01:28:45.493084+00:00,Flatbed,930,Live unload. Lumper fee reimbursed with receipt.,41000,Concrete Products,30,383,420x96x91 in,available,,,,
L-2073,"Detroit, MI","Dallas, TX",2026-05-14T05:15:00+00:00,2026-05-15T15:17:01.527251+00:00,Flatbed,2610,Drop and hook at both ends.,46000,Concrete Products,12,998,360x96x71 in,available,,,,
L-2074,"Houston, TX","Memphis, TN",2026-05-04T05:15:00+00:00,2026-05-04T19:46:08.872681+00:00,Dry Van,920,Multi-stop pickup at two locations.,38000,Paper Products,19,484,48x40x48 in pallets,available,,,,
L-2075,"Los Angeles, CA","Albuquerque, NM",2026-05-21T07:45:00+00:00,2026-05-22T12:43:14.204063+00:00,Dry Van,1250,FCFS pickup window.,38000,Auto Parts,19,662,48x40x60 in pallets,available,,,,
L-2076,"Chicago, IL","Cleveland, OH",2026-05-13T08:15:00+00:00,2026-05-13T19:50:45.987856+00:00,Dry Van,610,Detention paid after 2 hours.,38000,Retail Goods,16,307,48x40x65 in pallets,available,,,,
L-2077,"Las Vegas, NV","Dallas, TX",2026-05-27T15:45:00+00:00,2026-05-29T04:34:15.752564+00:00,Dry Van,2030,No-touch freight.,46000,Apparel,16,1068,48x40x65 in pallets,available,,,,
L-2078,"New Orleans, LA","Kansas City, MO",2026-05-30T10:15:00+00:00,2026-05-31T15:48:47.154691+00:00,Dry Van,1310,Appointment required at delivery.,36000,Paper Products,30,682,48x40x60 in pallets,available,,,,
L-2079,"Dallas, TX","Atlanta, GA",2026-05-23T11:45:00+00:00,2026-05-24T18:05:01.161628+00:00,Step Deck,2050,Drop and hook at both ends.,32000,Construction Equipment,10,719,360x102x133 in,available,,,,
L-2080,"Albuquerque, NM","Las Vegas, NV",2026-05-17T13:00:00+00:00,2026-05-18T03:31:47.191117+00:00,Dry Van,980,Inside delivery. Driver assist required.,43000,Auto Parts,8,482,48x40x60 in pallets,available,,,,
L-2081,"Charlotte, NC","Cleveland, OH",2026-05-21T06:30:00+00:00,2026-05-21T20:36:33.715247+00:00,Dry Van,890,TWIC card required at port pickup.,43000,Beverages,23,435,48x40x48 in pallets,available,,,,
L-2082,"Memphis, TN","Los Angeles, CA",2026-05-08T06:45:00+00:00,2026-05-10T16:38:36.063286+00:00,Dry Van,2980,FCFS pickup window.,28000,Apparel,6,1599,48x40x48 in pallets,available,,,,
L-2083,"Phoenix, AZ","El Paso, TX",2026-05-12T11:15:00+00:00,2026-05-12T21:07:36.443023+00:00,Dry Van,660,Inside delivery. Driver assist required.,43000,Packaged Food,11,345,48x40x50 in pallets,available,,,,
L-2084,"Houston, TX","New Orleans, LA",2026-05-08T13:15:00+00:00,2026-05-08T22:31:07.513598+00:00,Reefer,740,Pre-cool trailer 1 hour before loading.,38000,Pharmaceuticals,6,317,48x40x60 in pallets,available,,,,
L-2085,"Boston, MA","Pittsburgh, PA",2026-05-28T08:47:08.548887+00:00,2026-05-28T23:12:47.451181+00:00,Flatbed,1260,Chains nicely from a delivery in this city — repeat-lane discount possible. Detention paid after 2 hours.,38000,Building Materials,28,481,360x96x65 in,available,,,,
L-2086,"Newark, NJ","Memphis, TN",2026-05-28T13:00:00+00:00,2026-05-29T20:50:55.762108+00:00,Dry Van,1810,FCFS pickup window.,41000,Beverages,6,945,48x40x70 in pallets,available,,,,
L-2087,"Portland, OR","Pittsburgh, PA",2026-05-30T15:45:00+00:00,2026-06-02T22:16:52.880155+00:00,Dry Van,4300,Appointment required at delivery.,38000,Consumer Goods,25,2160,48x40x55 in pallets,available,,,,
L-2088,"Los Angeles, CA","Chicago, IL",2026-05-22T07:00:00+00:00,2026-05-25T05:27:13.013339+00:00,Reefer,3930,TWIC card required at port pickup.,22000,Produce,7,1742,48x40x65 in pallets,available,,,,
L-2089,"Salt Lake City, UT","Albuquerque, NM",2026-05-11T11:15:00+00:00,2026-05-11T23:45:11.445043+00:00,Dry Van,920,FCFS pickup window.,41000,Apparel,32,485,48x40x50 in pallets,available,,,,
L-2090,"Sacramento, CA","Newark, NJ",2026-05-26T06:45:00+00:00,2026-05-30T06:24:05.663417+00:00,Dry Van,4930,Appointment required at delivery.,32000,Packaged Food,27,2490,48x40x70 in pallets,available,,,,
L-2091,"Atlanta, GA","Birmingham, AL",2026-05-03T11:00:00+00:00,2026-05-03T16:50:16.203528+00:00,Reefer,320,Pre-cool trailer 1 hour before loading.,28000,Produce,29,139,48x40x70 in pallets,available,,,,
L-2092,"Sacramento, CA","New Orleans, LA",2026-05-04T08:45:00+00:00,2026-05-07T06:25:48.354955+00:00,Reefer,4770,Appointment required at delivery.,41000,Produce,26,1879,48x40x48 in pallets,available,,,,
L-2093,"Nashville, TN","Philadelphia, PA",2026-05-21T11:00:00+00:00,2026-05-22T13:13:08.788980+00:00,Flatbed,1670,TWIC card required at port pickup.,22000,Lumber,9,683,240x96x51 in,available,,,,
L-2094,"Newark, NJ","Kansas City, MO",2026-05-15T10:45:00+00:00,2026-05-16T22:46:45.700976+00:00,Dry Van,2200,Live unload. Lumper fee reimbursed with receipt.,32000,Beverages,32,1084,48x40x60 in pallets,available,,,,
L-2095,"Memphis, TN","Charlotte, NC",2026-05-23T10:15:00+00:00,2026-05-24T00:24:12.716439+00:00,Dry Van,1050,Live unload. Lumper fee reimbursed with receipt.,36000,Consumer Goods,27,519,48x40x55 in pallets,available,,,,
L-2096,"Columbus, OH","Tampa, FL",2026-05-09T08:00:00+00:00,2026-05-10T16:23:45.755351+00:00,Dry Van,1440,Appointment required at delivery.,46000,Beverages,26,830,48x40x70 in pallets,available,,,,
L-2097,"Memphis, TN","Houston, TX",2026-05-08T07:15:00+00:00,2026-05-08T19:12:15.986201+00:00,Dry Van,930,Appointment required at delivery.,36000,Packaged Food,16,484,48x40x50 in pallets,available,,,,
L-2098,"Charlotte, NC","Dallas, TX",2026-05-05T14:30:00+00:00,2026-05-07T00:15:14.599059+00:00,Dry Van,1810,Drop and hook at both ends.,28000,Retail Goods,10,928,48x40x48 in pallets,available,,,,
L-2099,"Denver, CO","Cleveland, OH",2026-05-01T07:30:00+00:00,2026-05-03T06:11:22.545857+00:00,Reefer,2890,Continuous run mode required.,43000,Produce,8,1224,48x40x60 in pallets,available,,,,
L-2100,"Chicago, IL","Miami, FL",2026-05-04T13:15:00+00:00,2026-05-06T14:51:05.985259+00:00,Reefer,2920,Pre-cool trailer 1 hour before loading.,22000,Meat,22,1191,48x40x55 in pallets,available,,,,
L-2101,"Chicago, IL","Houston, TX",2026-05-28T11:45:00+00:00,2026-05-29T21:20:03.803943+00:00,Dry Van,1850,TWIC card required at port pickup.,46000,Paper Products,8,942,48x40x48 in pallets,available,,,,
L-2102,"Phoenix, AZ","Salt Lake City, UT",2026-05-09T15:30:00+00:00,2026-05-10T05:07:25.023343+00:00,Dry Van,940,Detention paid after 2 hours.,38000,Retail Goods,9,505,48x40x70 in pallets,available,,,,
L-2103,"Houston, TX","Oklahoma City, OK",2026-05-14T13:15:00+00:00,2026-05-15T01:09:54.915425+00:00,Flatbed,1030,Oversized load permit included.,46000,Building Materials,9,413,360x96x63 in,available,,,,
L-2104,"Phoenix, AZ","Columbus, OH",2026-05-22T13:00:00+00:00,2026-05-25T06:38:41.636952+00:00,Dry Van,2890,Live unload. Lumper fee reimbursed with receipt.,28000,Retail Goods,29,1664,48x40x70 in pallets,available,,,,
L-2105,"Salt Lake City, UT","Albuquerque, NM",2026-05-19T14:30:00+00:00,2026-05-20T04:52:48.191012+00:00,Reefer,1110,Pre-cool trailer 1 hour before loading.,43000,Frozen Food,30,485,48x40x60 in pallets,available,,,,
L-2106,"Newark, NJ","El Paso, TX",2026-05-12T06:15:00+00:00,2026-05-15T04:42:32.114532+00:00,Dry Van,3380,Live unload. Lumper fee reimbursed with receipt.,46000,Apparel,17,1892,48x40x65 in pallets,available,,,,
L-2107,"Salt Lake City, UT","Phoenix, AZ",2026-05-19T08:45:00+00:00,2026-05-20T00:13:50.234323+00:00,Step Deck,1470,FCFS pickup window.,22000,Construction Equipment,6,505,240x102x113 in,available,,,,
L-2108,"Atlanta, GA","Memphis, TN",2026-05-01T07:15:00+00:00,2026-05-01T18:14:07.023765+00:00,Dry Van,580,Drop and hook at both ends.,43000,Packaged Food,8,336,48x40x70 in pallets,available,,,,
L-2109,"Cleveland, OH","Chicago, IL",2026-05-15T10:15:00+00:00,2026-05-15T19:52:12.764532+00:00,Dry Van,610,Live unload. Lumper fee reimbursed with receipt.,41000,Beverages,7,307,48x40x50 in pallets,available,,,,
L-2110,"El Paso, TX","Los Angeles, CA",2026-05-09T13:45:00+00:00,2026-05-10T17:40:21.528550+00:00,Flatbed,1750,Appointment required at delivery.,46000,Steel,30,699,480x96x43 in,available,,,,
L-2111,"Denver, CO","Richmond, VA",2026-05-22T15:45:00+00:00,2026-05-24T21:38:15.851143+00:00,Dry Van,2560,Detention paid after 2 hours.,38000,Apparel,25,1489,48x40x48 in pallets,available,,,,
L-2112,"Dallas, TX","Indianapolis, IN",2026-05-25T07:30:00+00:00,2026-05-26T11:55:04.038690+00:00,Dry Van,1300,Detention paid after 2 hours.,28000,Electronics,11,763,48x40x50 in pallets,available,,,,
L-2113,"Seattle, WA","Kansas City, MO",2026-05-17T14:30:00+00:00,2026-05-19T18:49:41.887151+00:00,Flatbed,3780,TWIC card required at port pickup.,22000,Building Materials,8,1502,360x96x72 in,available,,,,
L-2114,"Chicago, IL","Birmingham, AL",2026-05-10T06:45:00+00:00,2026-05-11T06:24:48.334450+00:00,Flatbed,1380,Tarps and chains required.,41000,Concrete Products,20,579,360x96x41 in,available,,,,
L-2115,"Chicago, IL","Las Vegas, NV",2026-05-19T11:00:00+00:00,2026-05-21T17:00:11.040435+00:00,Dry Van,3010,Appointment required at delivery.,38000,Beverages,16,1521,48x40x50 in pallets,available,,,,
L-2116,"Dallas, TX","Minneapolis, MN",2026-05-17T14:15:00+00:00,2026-05-18T23:08:01.287335+00:00,Reefer,1970,Pre-cool trailer 1 hour before loading.,41000,Frozen Food,32,863,48x40x50 in pallets,available,,,,
L-2117,"Los Angeles, CA","Phoenix, AZ",2026-05-07T07:15:00+00:00,2026-05-07T19:24:39.100256+00:00,Dry Van,630,TWIC card required at port pickup.,28000,Apparel,20,356,48x40x65 in pallets,available,,,,
L-2118,"New Orleans, LA","Baltimore, MD",2026-05-28T10:15:00+00:00,2026-05-29T19:59:20.584555+00:00,Flatbed,2520,FCFS pickup window.,46000,Lumber,31,999,360x96x73 in,available,,,,
L-2119,"Dallas, TX","Tampa, FL",2026-05-10T13:45:00+00:00,2026-05-11T20:13:13.544336+00:00,Reefer,2290,Live unload. Lumper fee reimbursed with receipt.,41000,Frozen Food,26,916,48x40x48 in pallets,available,,,,
L-2120,"Memphis, TN","Minneapolis, MN",2026-05-19T14:00:00+00:00,2026-05-20T17:47:56.165333+00:00,Dry Van,1270,TWIC card required at port pickup.,36000,Paper Products,22,700,48x40x50 in pallets,available,,,,
L-2121,"Oklahoma City, OK","El Paso, TX",2026-05-26T10:00:00+00:00,2026-05-27T11:31:05.505622+00:00,Dry Van,990,TWIC card required at port pickup.,32000,Auto Parts,20,575,48x40x65 in pallets,available,,,,
L-2122,"Cleveland, OH","Salt Lake City, UT",2026-05-30T09:45:00+00:00,2026-06-01T16:39:54.279320+00:00,Dry Van,3050,Drop and hook at both ends.,41000,Packaged Food,31,1564,48x40x70 in pallets,available,,,,
L-2123,"Atlanta, GA","Jacksonville, FL",2026-05-04T14:45:00+00:00,2026-05-04T23:35:11.716424+00:00,Dry Van,520,Inside delivery. Driver assist required.,32000,Packaged Food,17,285,48x40x55 in pallets,available,,,,
L-2124,"Oklahoma City, OK","New Orleans, LA",2026-05-10T14:45:00+00:00,2026-05-11T16:50:38.302992+00:00,Dry Van,1150,Multi-stop pickup at two locations.,41000,Auto Parts,8,576,48x40x70 in pallets,booked,Summit Cargo Solutions,203684,2026-05-06T11:45:00+00:00,1150
L-2125,"Atlanta, GA","Richmond, VA",2026-05-01T10:30:00+00:00,2026-05-01T22:37:15.786089+00:00,Reefer,1070,TWIC card required at port pickup.,36000,Produce,12,470,48x40x50 in pallets,available,,,,
L-2126,"Houston, TX","Salt Lake City, UT",2026-05-28T06:00:00+00:00,2026-05-30T06:37:39.781018+00:00,Dry Van,2310,Inside delivery. Driver assist required.,32000,Apparel,11,1199,48x40x50 in pallets,available,,,,
L-2127,"Philadelphia, PA","Salt Lake City, UT",2026-05-02T11:30:00+00:00,2026-05-05T12:36:19.626080+00:00,Flatbed,5350,Tarps and chains required.,36000,Concrete Products,15,1920,420x96x50 in,available,,,,
L-2128,"Columbus, OH","Detroit, MI",2026-05-29T08:30:00+00:00,2026-05-29T16:28:23.618281+00:00,Dry Van,310,FCFS pickup window.,46000,Paper Products,30,163,48x40x60 in pallets,available,,,,
L-2129,"Detroit, MI","St. Louis, MO",2026-05-27T08:15:00+00:00,2026-05-27T22:49:19.227649+00:00,Dry Van,880,No-touch freight.,22000,Retail Goods,23,454,48x40x48 in pallets,available,,,,
L-2130,"Jacksonville, FL","St. Louis, MO",2026-05-03T07:30:00+00:00,2026-05-04T12:19:02.196773+00:00,Dry Van,1510,Live unload. Lumper fee reimbursed with receipt.,32000,Apparel,13,751,48x40x60 in pallets,available,,,,
L-2131,"Newark, NJ","Jacksonville, FL",2026-05-02T11:30:00+00:00,2026-05-03T17:04:59.204264+00:00,Dry Van,1530,Drop and hook at both ends.,28000,Beverages,16,832,48x40x48 in pallets,available,,,,
L-2132,"Philadelphia, PA","Atlanta, GA",2026-05-02T09:45:00+00:00,2026-05-03T13:50:03.436635+00:00,Dry Van,1320,TWIC card required at port pickup.,32000,Retail Goods,20,665,48x40x65 in pallets,booked,Cascadia Freight Co,541938,2026-04-30T16:45:00+00:00,1320
L-2133,"Dallas, TX","Las Vegas, NV",2026-05-07T07:45:00+00:00,2026-05-08T17:33:17.090789+00:00,Dry Van,1910,Live unload. Lumper fee reimbursed with receipt.,38000,Apparel,7,1068,48x40x50 in pallets,available,,,,
L-2134,"Chicago, IL","Philadelphia, PA",2026-05-27T13:00:00+00:00,2026-05-28T16:47:16.151165+00:00,Dry Van,1300,FCFS pickup window.,36000,Auto Parts,19,663,48x40x48 in pallets,available,,,,
L-2135,"Memphis, TN","Tampa, FL",2026-05-06T06:30:00+00:00,2026-05-07T08:07:50.582250+00:00,Dry Van,1230,TWIC card required at port pickup.,22000,Beverages,7,668,48x40x70 in pallets,available,,,,
L-2136,"Seattle, WA","Miami, FL",2026-05-12T06:30:00+00:00,2026-05-16T08:05:04.213311+00:00,Dry Van,5430,No-touch freight.,28000,Consumer Goods,10,2731,48x40x48 in pallets,available,,,,
L-2137,"Denver, CO","Kansas City, MO",2026-05-27T13:45:00+00:00,2026-05-28T15:25:00.996208+00:00,Dry Van,960,TWIC card required at port pickup.,32000,Retail Goods,7,557,48x40x55 in pallets,available,,,,
L-2138,"Los Angeles, CA","San Antonio, TX",2026-05-11T09:45:00+00:00,2026-05-13T11:43:35.366913+00:00,Dry Van,2160,Appointment required at delivery.,46000,Consumer Goods,15,1201,48x40x55 in pallets,available,,,,
L-2139,"Newark, NJ","El Paso, TX",2026-05-09T06:30:00+00:00,2026-05-12T06:05:16.099917+00:00,Flatbed,5050,Detention paid after 2 hours.,43000,Lumber,16,1892,300x96x67 in,available,,,,
L-2140,"Atlanta, GA","Boston, MA",2026-05-26T06:45:00+00:00,2026-05-27T13:47:08.548887+00:00,Dry Van,1780,No-touch freight.,32000,Apparel,9,936,48x40x48 in pallets,available,,,,
L-2141,"Phoenix, AZ","Memphis, TN",2026-05-20T11:15:00+00:00,2026-05-22T13:11:20.613242+00:00,Dry Van,2350,No-touch freight.,41000,Paper Products,25,1259,48x40x60 in pallets,available,,,,
L-2142,"Las Vegas, NV","El Paso, TX",2026-05-12T14:15:00+00:00,2026-05-13T17:40:52.167306+00:00,Dry Van,1170,TWIC card required at port pickup.,32000,Beverages,7,581,48x40x50 in pallets,available,,,,
L-2143,"Dallas, TX","Cleveland, OH",2026-05-12T10:45:00+00:00,2026-05-13T23:01:40.326411+00:00,Step Deck,2980,TWIC card required at port pickup.,22000,Oversized Cargo,17,1024,300x102x124 in,available,,,,
L-2144,"New Orleans, LA","Los Angeles, CA",2026-05-17T10:45:00+00:00,2026-05-20T05:23:15.150355+00:00,Reefer,3720,Live unload. Lumper fee reimbursed with receipt.,38000,Frozen Seafood,6,1669,48x40x70 in pallets,available,,,,
L-2145,"Los Angeles, CA","Boston, MA",2026-05-30T14:00:00+00:00,2026-06-03T12:50:49.584143+00:00,Reefer,6320,Appointment required at delivery.,38000,Dairy,25,2590,48x40x55 in pallets,available,,,,
L-2146,"Atlanta, GA","Boston, MA",2026-05-05T06:45:00+00:00,2026-05-06T14:09:38.251641+00:00,Dry Van,1940,No-touch freight.,46000,Auto Parts,27,936,48x40x55 in pallets,available,,,,
L-2147,"Jacksonville, FL","Los Angeles, CA",2026-05-10T09:15:00+00:00,2026-05-13T14:56:14.051098+00:00,Reefer,5310,Multi-stop pickup at two locations.,32000,Meat,13,2142,48x40x48 in pallets,available,,,,
L-2148,"Los Angeles, CA","Denver, CO",2026-05-01T10:30:00+00:00,2026-05-02T16:56:58.644086+00:00,Dry Van,1600,Live unload. Lumper fee reimbursed with receipt.,32000,Paper Products,8,829,48x40x55 in pallets,available,,,,
L-2149,"Portland, OR","Newark, NJ",2026-05-25T11:00:00+00:00,2026-05-29T06:06:04.705665+00:00,Reefer,5860,TWIC card required at port pickup.,41000,Dairy,20,2430,48x40x70 in pallets,available,,,,
L-2150,"Cleveland, OH","Tampa, FL",2026-05-25T07:45:00+00:00,2026-05-26T16:30:05.238525+00:00,Dry Van,1880,Multi-stop pickup at two locations.,22000,Retail Goods,10,937,48x40x55 in pallets,available,,,,
L-2151,"El Paso, TX","Seattle, WA",2026-05-12T14:30:00+00:00,2026-05-14T19:23:01.445369+00:00,Dry Van,2440,Multi-stop pickup at two locations.,38000,Electronics,14,1375,48x40x50 in pallets,available,,,,
L-2152,"Nashville, TN","Memphis, TN",2026-05-03T14:15:00+00:00,2026-05-03T22:32:14.041613+00:00,Reefer,430,Maintain 34F throughout transit.,32000,Meat,29,196,48x40x65 in pallets,available,,,,
L-2153,"Albuquerque, NM","San Antonio, TX",2026-05-02T15:30:00+00:00,2026-05-03T18:25:28.271676+00:00,Dry Van,1190,Drop and hook at both ends.,43000,Auto Parts,21,616,48x40x70 in pallets,booked,Pine Ridge Trucking,672041,2026-04-26T12:30:00+00:00,1190
L-2154,"Columbus, OH","Memphis, TN",2026-05-16T08:45:00+00:00,2026-05-16T22:07:11.047749+00:00,Flatbed,1350,Inside delivery. Driver assist required.,28000,Lumber,20,509,420x96x66 in,available,,,,
L-2155,"Chicago, IL","Indianapolis, IN",2026-05-11T10:30:00+00:00,2026-05-11T19:40:53.387442+00:00,Dry Van,330,Multi-stop pickup at two locations.,32000,Retail Goods,23,164,48x40x48 in pallets,available,,,,
L-2156,"Phoenix, AZ","Cleveland, OH",2026-05-09T13:15:00+00:00,2026-05-12T08:42:48.637944+00:00,Dry Van,3160,Detention paid after 2 hours.,22000,Auto Parts,25,1745,48x40x60 in pallets,available,,,,
L-2157,"Los Angeles, CA","Seattle, WA",2026-05-07T07:45:00+00:00,2026-05-08T18:56:01.959520+00:00,Dry Van,1810,FCFS pickup window.,46000,Packaged Food,21,960,48x40x48 in pallets,available,,,,
L-2158,"Houston, TX","Birmingham, AL",2026-05-31T08:15:00+00:00,2026-06-01T09:54:12.155213+00:00,Reefer,1210,TWIC card required at port pickup.,22000,Dairy,25,566,48x40x70 in pallets,available,,,,
L-2159,"Atlanta, GA","Newark, NJ",2026-05-28T06:45:00+00:00,2026-05-29T10:05:08.663193+00:00,Dry Van,1460,Detention paid after 2 hours.,38000,Consumer Goods,17,740,48x40x48 in pallets,available,,,,
L-2160,"Portland, OR","El Paso, TX",2026-05-07T10:30:00+00:00,2026-05-09T10:30:50.857196+00:00,Reefer,3170,FCFS pickup window.,46000,Meat,32,1286,48x40x65 in pallets,available,,,,
L-2161,"Atlanta, GA","Phoenix, AZ",2026-05-13T10:30:00+00:00,2026-05-15T18:29:28.778471+00:00,Dry Van,3150,Appointment required at delivery.,41000,Auto Parts,25,1588,48x40x65 in pallets,available,,,,
L-2162,"Portland, OR","Minneapolis, MN",2026-05-02T07:30:00+00:00,2026-05-04T13:10:33.108315+00:00,Dry Van,2500,Multi-stop pickup at two locations.,46000,Consumer Goods,10,1423,48x40x55 in pallets,available,,,,
L-2163,"St. Louis, MO","Nashville, TN",2026-05-20T09:30:00+00:00,2026-05-20T18:35:21.335801+00:00,Dry Van,500,FCFS pickup window.,46000,Beverages,21,253,48x40x48 in pallets,available,,,,
L-2164,"Salt Lake City, UT","Jacksonville, FL",2026-05-14T15:30:00+00:00,2026-05-17T15:22:01.269321+00:00,Flatbed,4770,FCFS pickup window.,22000,Steel,26,1834,480x96x72 in,available,,,,
L-2165,"Los Angeles, CA","El Paso, TX",2026-05-06T14:45:00+00:00,2026-05-07T17:19:15.970200+00:00,Reefer,1490,Continuous run mode required.,36000,Dairy,9,699,48x40x50 in pallets,available,,,,
L-2166,"Dallas, TX","Baltimore, MD",2026-05-05T11:15:00+00:00,2026-05-07T11:06:41.434694+00:00,Dry Van,2450,Drop and hook at both ends.,46000,Beverages,28,1211,48x40x50 in pallets,available,,,,
L-2167,"Cleveland, OH","Chicago, IL",2026-05-22T13:45:00+00:00,2026-05-22T23:08:42.037422+00:00,Reefer,710,Multi-stop pickup at two locations.,32000,Produce,16,307,48x40x65 in pallets,booked,J.B. HUNT TRANSPORT INC,184320,2026-05-18T09:45:00+00:00,746
L-2168,"Denver, CO","Columbus, OH",2026-05-07T08:30:00+00:00,2026-05-09T08:00:44.447772+00:00,Reefer,2970,FCFS pickup window.,36000,Dairy,30,1164,48x40x55 in pallets,available,,,,
L-2169,"Jacksonville, FL","Chicago, IL",2026-05-11T13:30:00+00:00,2026-05-12T21:01:19.021299+00:00,Flatbed,2110,Tarps and chains required.,38000,Concrete Products,27,864,480x96x60 in,available,,,,
L-2170,"Boston, MA","New Orleans, LA",2026-05-10T05:30:00+00:00,2026-05-12T10:28:52.517535+00:00,Dry Van,2490,TWIC card required at port pickup.,28000,Retail Goods,26,1358,48x40x55 in pallets,booked,Pine Ridge Trucking,672041,2026-05-03T04:30:00+00:00,2614
L-2171,"Miami, FL","Newark, NJ",2026-05-27T14:30:00+00:00,2026-05-29T04:03:07.544646+00:00,Dry Van,1910,Appointment required at delivery.,38000,Electronics,13,1091,48x40x48 in pallets,available,,,,
L-2172,"Atlanta, GA","St. Louis, MO",2026-05-02T06:45:00+00:00,2026-05-02T19:24:40.228178+00:00,Dry Van,810,Inside delivery. Driver assist required.,46000,Electronics,6,467,48x40x65 in pallets,available,,,,
L-2173,"St. Louis, MO","Salt Lake City, UT",2026-05-16T08:30:00+00:00,2026-05-18T06:57:52.814911+00:00,Dry Van,2360,Live unload. Lumper fee reimbursed with receipt.,22000,Paper Products,26,1159,48x40x65 in pallets,available,,,,
L-2174,"Los Angeles, CA","Kansas City, MO",2026-05-30T07:45:00+00:00,2026-06-01T12:21:32.327614+00:00,Flatbed,3750,Drop and hook at both ends.,32000,Steel,32,1354,420x96x86 in,available,,,,
L-2175,"Indianapolis, IN","Seattle, WA",2026-05-29T05:00:00+00:00,2026-06-01T03:32:00.847834+00:00,Step Deck,5780,No-touch freight.,28000,Construction Equipment,15,1867,300x102x137 in,available,,,,
L-2176,"Columbus, OH","St. Louis, MO",2026-05-28T14:45:00+00:00,2026-05-29T01:45:40.853974+00:00,Reefer,900,Continuous run mode required.,28000,Frozen Seafood,20,396,48x40x70 in pallets,available,,,,
L-2177,"Sacramento, CA","Portland, OR",2026-05-26T09:15:00+00:00,2026-05-26T21:36:43.126759+00:00,Dry Van,970,Multi-stop pickup at two locations.,43000,Packaged Food,16,483,48x40x48 in pallets,available,,,,
L-2178,"Portland, OR","Las Vegas, NV",2026-05-16T10:15:00+00:00,2026-05-17T13:22:38.353736+00:00,Dry Van,1350,FCFS pickup window.,43000,Retail Goods,16,755,48x40x55 in pallets,available,,,,
L-2179,"Memphis, TN","Dallas, TX",2026-05-23T08:00:00+00:00,2026-05-23T21:03:04.120053+00:00,Dry Van,760,Detention paid after 2 hours.,46000,Packaged Food,27,419,48x40x65 in pallets,available,,,,
L-2180,"St. Louis, MO","Memphis, TN",2026-05-21T09:30:00+00:00,2026-05-21T18:45:30.606453+00:00,Flatbed,670,TWIC card required at port pickup.,36000,Steel,10,240,420x96x83 in,available,,,,
L-2181,"Memphis, TN","Miami, FL",2026-05-25T14:15:00+00:00,2026-05-26T22:46:38.778528+00:00,Dry Van,1660,Multi-stop pickup at two locations.,28000,Paper Products,28,874,48x40x55 in pallets,available,,,,
L-2182,"Dallas, TX","Albuquerque, NM",2026-05-19T14:15:00+00:00,2026-05-20T14:37:41.335055+00:00,Dry Van,1020,Appointment required at delivery.,46000,Electronics,28,586,48x40x65 in pallets,available,,,,
L-2183,"Indianapolis, IN","Sacramento, CA",2026-05-26T05:45:00+00:00,2026-05-29T03:53:51.998493+00:00,Reefer,4380,Drop and hook at both ends.,43000,Dairy,23,1881,48x40x60 in pallets,available,,,,
L-2184,"Atlanta, GA","Memphis, TN",2026-05-13T09:00:00+00:00,2026-05-13T20:42:11.584553+00:00,Flatbed,780,No-touch freight.,28000,Steel,28,336,240x96x70 in,available,,,,
L-2185,"Dallas, TX","Sacramento, CA",2026-05-10T11:15:00+00:00,2026-05-12T17:03:57.197701+00:00,Reefer,3290,Detention paid after 2 hours.,43000,Frozen Food,20,1437,48x40x60 in pallets,available,,,,
L-2186,"Seattle, WA","Sacramento, CA",2026-05-21T10:00:00+00:00,2026-05-22T11:12:50.020258+00:00,Flatbed,1600,Oversized load permit included.,43000,Building Materials,13,625,240x96x84 in,available,,,,
L-2187,"Dallas, TX","Nashville, TN",2026-05-18T11:15:00+00:00,2026-05-19T12:33:36.173354+00:00,Dry Van,1080,Appointment required at delivery.,41000,Beverages,29,616,48x40x48 in pallets,available,,,,
L-2188,"Dallas, TX","Charlotte, NC",2026-05-08T08:00:00+00:00,2026-05-09T14:57:48.912669+00:00,Reefer,2150,Pre-cool trailer 1 hour before loading.,22000,Frozen Food,28,928,48x40x48 in pallets,available,,,,
L-2189,"Los Angeles, CA","San Antonio, TX",2026-05-08T14:15:00+00:00,2026-05-10T15:17:15.154206+00:00,Dry Van,2110,FCFS pickup window.,22000,Paper Products,13,1201,48x40x70 in pallets,available,,,,
L-2190,"Memphis, TN","Atlanta, GA",2026-05-25T10:15:00+00:00,2026-05-25T20:10:37.407866+00:00,Reefer,860,Multi-stop pickup at two locations.,32000,Meat,13,336,48x40x60 in pallets,available,,,,
L-2191,"Phoenix, AZ","Pittsburgh, PA",2026-05-21T11:45:00+00:00,2026-05-24T08:26:15.130996+00:00,Dry Van,3740,Detention paid after 2 hours.,41000,Retail Goods,31,1825,48x40x65 in pallets,available,,,,
L-2192,"Phoenix, AZ","Charlotte, NC",2026-05-10T11:15:00+00:00,2026-05-13T09:49:39.591800+00:00,Dry Van,3180,Appointment required at delivery.,46000,Retail Goods,15,1778,48x40x70 in pallets,available,,,,
L-2193,"San Antonio, TX","Philadelphia, PA",2026-05-31T11:15:00+00:00,2026-06-02T16:54:13.234303+00:00,Dry Van,2670,Live unload. Lumper fee reimbursed with receipt.,38000,Beverages,20,1505,48x40x55 in pallets,available,,,,
L-2194,"Houston, TX","Kansas City, MO",2026-05-02T09:45:00+00:00,2026-05-03T13:21:52.875657+00:00,Flatbed,1770,Appointment required at delivery.,22000,Building Materials,31,646,480x96x82 in,available,,,,
L-2195,"Atlanta, GA","Oklahoma City, OK",2026-05-07T10:30:00+00:00,2026-05-08T17:25:41.084552+00:00,Dry Van,1340,Appointment required at delivery.,22000,Paper Products,29,755,48x40x48 in pallets,available,,,,
L-2196,"Miami, FL","Newark, NJ",2026-05-13T08:30:00+00:00,2026-05-14T21:25:19.399902+00:00,Dry Van,2050,No-touch freight.,43000,Electronics,15,1091,48x40x55 in pallets,available,,,,
L-2197,"Salt Lake City, UT","Minneapolis, MN",2026-05-04T13:30:00+00:00,2026-05-06T00:50:14.359184+00:00,Reefer,2220,Drop and hook at both ends.,41000,Dairy,24,984,48x40x50 in pallets,booked,Heartland Hauling,339476,2026-05-01T10:30:00+00:00,2331
L-2198,"Miami, FL","Denver, CO",2026-05-18T15:45:00+00:00,2026-05-21T11:25:50.768940+00:00,Dry Van,3150,Detention paid after 2 hours.,36000,Apparel,24,1725,48x40x50 in pallets,available,,,,
L-2199,"Indianapolis, IN","Oklahoma City, OK",2026-05-09T13:45:00+00:00,2026-05-10T17:21:11.937578+00:00,Flatbed,1640,Oversized load permit included.,41000,Lumber,23,688,420x96x47 in,available,,,,
L-2200,"Minneapolis, MN","Kansas City, MO",2026-05-17T05:00:00+00:00,2026-05-17T19:00:02.708801+00:00,Flatbed,1100,Detention paid after 2 hours.,22000,Steel,10,411,300x96x40 in,available,,,,
L-2201,"Jacksonville, FL","Denver, CO",2026-05-17T13:30:00+00:00,2026-05-19T17:02:30.481712+00:00,Dry Van,2850,Drop and hook at both ends.,46000,Electronics,6,1465,48x40x65 in pallets,booked,Continental Trans LLC,918275,2026-05-10T23:30:00+00:00,2992
L-2202,"Pittsburgh, PA","Charlotte, NC",2026-05-17T09:30:00+00:00,2026-05-17T18:48:30.853405+00:00,Dry Van,720,Inside delivery. Driver assist required.,43000,Consumer Goods,9,362,48x40x48 in pallets,booked,SCHNEIDER NATIONAL CARRIERS INC,87413,2026-05-12T19:30:00+00:00,720
L-2203,"Cleveland, OH","Denver, CO",2026-05-20T14:30:00+00:00,2026-05-22T16:14:27.087226+00:00,Dry Van,2440,Live unload. Lumper fee reimbursed with receipt.,38000,Electronics,17,1224,48x40x60 in pallets,booked,Heartland Hauling,339476,2026-05-17T02:30:00+00:00,2440
L-2204,"Chicago, IL","Cleveland, OH",2026-05-10T06:00:00+00:00,2026-05-10T14:30:50.407278+00:00,Flatbed,760,TWIC card required at port pickup.,43000,Building Materials,7,307,240x96x80 in,available,,,,
L-2205,"El Paso, TX","Las Vegas, NV",2026-05-21T10:00:00+00:00,2026-05-22T13:11:56.993455+00:00,Reefer,1290,Continuous run mode required.,22000,Dairy,24,581,48x40x60 in pallets,available,,,,
L-2206,"Las Vegas, NV","San Antonio, TX",2026-05-29T14:00:00+00:00,2026-05-31T00:08:14.704846+00:00,Dry Van,1830,Appointment required at delivery.,41000,Apparel,24,1071,48x40x50 in pallets,available,,,,
L-2207,"New Orleans, LA","Birmingham, AL",2026-05-06T15:15:00+00:00,2026-05-07T01:45:24.421246+00:00,Dry Van,610,Multi-stop pickup at two locations.,43000,Apparel,16,312,48x40x60 in pallets,available,,,,
L-2208,"New Orleans, LA","Albuquerque, NM",2026-05-17T10:00:00+00:00,2026-05-18T18:55:50.675338+00:00,Flatbed,2790,No-touch freight.,36000,Steel,25,1027,480x96x74 in,available,,,,
L-2209,"Portland, OR","Atlanta, GA",2026-05-07T03:36:54.345212+00:00,2026-05-10T09:46:40.804597+00:00,Dry Van,4040,Chains nicely from a delivery in this city — repeat-lane discount possible. Detention paid after 2 hours.,43000,Apparel,8,2168,48x40x65 in pallets,available,,,,
L-2210,"Phoenix, AZ","Cleveland, OH",2026-05-03T09:15:00+00:00,2026-05-06T05:40:11.999900+00:00,Flatbed,4660,No-touch freight.,32000,Steel,17,1745,240x96x41 in,available,,,,
L-2211,"Dallas, TX","Nashville, TN",2026-05-25T09:00:00+00:00,2026-05-26T09:51:00.100865+00:00,Dry Van,1150,Multi-stop pickup at two locations.,32000,Packaged Food,23,616,48x40x65 in pallets,available,,,,
L-2212,"Chicago, IL","Las Vegas, NV",2026-05-12T14:00:00+00:00,2026-05-14T20:48:27.713596+00:00,Dry Van,3070,Drop and hook at both ends.,41000,Auto Parts,15,1521,48x40x60 in pallets,available,,,,
L-2213,"Seattle, WA","Sacramento, CA",2026-05-19T14:15:00+00:00,2026-05-20T17:29:28.550282+00:00,Flatbed,1480,FCFS pickup window.,32000,Building Materials,14,625,420x96x45 in,available,,,,
L-2214,"Dallas, TX","Seattle, WA",2026-05-14T09:45:00+00:00,2026-05-17T06:27:38.399388+00:00,Dry Van,3010,Appointment required at delivery.,41000,Apparel,29,1679,48x40x70 in pallets,available,,,,
L-2215,"Indianapolis, IN","Portland, OR",2026-05-05T09:00:00+00:00,2026-05-08T10:24:55.057858+00:00,Dry Van,3790,Detention paid after 2 hours.,41000,Auto Parts,31,1881,48x40x55 in pallets,available,,,,
L-2216,"Chicago, IL","Jacksonville, FL",2026-05-10T10:15:00+00:00,2026-05-11T17:26:45.740290+00:00,Dry Van,1780,No-touch freight.,32000,Retail Goods,15,864,48x40x70 in pallets,available,,,,
L-2217,"Atlanta, GA","Boston, MA",2026-05-11T11:30:00+00:00,2026-05-12T21:29:09.521022+00:00,Reefer,2140,Maintain 34F throughout transit.,43000,Frozen Seafood,12,936,48x40x65 in pallets,available,,,,
L-2218,"Columbus, OH","Seattle, WA",2026-05-31T13:15:00+00:00,2026-06-03T15:09:49.751342+00:00,Flatbed,5450,Live unload. Lumper fee reimbursed with receipt.,38000,Steel,32,2008,420x96x79 in,booked,Gulf Coast Carriers,721594,2026-05-25T15:15:00+00:00,5450
L-2219,"Indianapolis, IN","Albuquerque, NM",2026-05-08T09:15:00+00:00,2026-05-10T09:27:03.404035+00:00,Reefer,2510,Maintain 34F throughout transit.,43000,Produce,21,1167,48x40x65 in pallets,booked,Cascadia Freight Co,541938,2026-05-05T19:15:00+00:00,2636
L-2220,"Portland, OR","Kansas City, MO",2026-05-14T14:00:00+00:00,2026-05-16T21:01:22.381206+00:00,Reefer,3640,Multi-stop pickup at two locations.,41000,Pharmaceuticals,25,1493,48x40x70 in pallets,booked,Big Sky Motor Lines,456813,2026-05-10T12:00:00+00:00,3822
L-2221,"Minneapolis, MN","Sacramento, CA",2026-05-22T10:15:00+00:00,2026-05-24T17:02:16.797811+00:00,Dry Van,2880,Detention paid after 2 hours.,22000,Electronics,30,1510,48x40x55 in pallets,available,,,,
L-2222,"Oklahoma City, OK","Charlotte, NC",2026-05-04T09:15:00+00:00,2026-05-05T18:04:21.737864+00:00,Dry Van,1750,Detention paid after 2 hours.,36000,Consumer Goods,20,939,48x40x70 in pallets,booked,SWIFT TRANSPORTATION CO OF ARIZONA LLC,244265,2026-05-03T05:15:00+00:00,1750
L-2223,"Memphis, TN","Minneapolis, MN",2026-05-01T13:00:00+00:00,2026-05-02T16:10:54.223975+00:00,Dry Van,1220,Inside delivery. Driver assist required.,28000,Packaged Food,17,700,48x40x55 in pallets,available,,,,
L-2224,"Albuquerque, NM","Philadelphia, PA",2026-05-12T13:00:00+00:00,2026-05-15T09:42:45.589511+00:00,Dry Van,3180,FCFS pickup window.,46000,Paper Products,7,1748,48x40x70 in pallets,booked,Pine Ridge Trucking,672041,2026-05-10T10:00:00+00:00,3180
L-2225,"Houston, TX","San Antonio, TX",2026-05-22T07:15:00+00:00,2026-05-22T15:04:26.312187+00:00,Dry Van,340,Detention paid after 2 hours.,32000,Auto Parts,20,188,48x40x50 in pallets,available,,,,
L-2226,"Richmond, VA","New Orleans, LA",2026-05-06T11:45:00+00:00,2026-05-07T17:44:48.368751+00:00,Reefer,2080,Detention paid after 2 hours.,36000,Frozen Seafood,18,894,48x40x48 in pallets,available,,,,
L-2227,"Jacksonville, FL","Chicago, IL",2026-05-25T06:00:00+00:00,2026-05-26T14:28:40.833939+00:00,Dry Van,1590,Appointment required at delivery.,32000,Apparel,20,864,48x40x48 in pallets,booked,Lonestar Logistics LLC,885214,2026-05-21T16:00:00+00:00,1590
L-2228,"Sacramento, CA","Boston, MA",2026-05-11T15:45:00+00:00,2026-05-15T16:40:30.841264+00:00,Reefer,5970,TWIC card required at port pickup.,28000,Pharmaceuticals,25,2624,48x40x50 in pallets,available,,,,
L-2229,"Baltimore, MD","Memphis, TN",2026-05-03T07:30:00+00:00,2026-05-04T11:47:29.207798+00:00,Reefer,1720,No-touch freight.,38000,Meat,28,791,48x40x50 in pallets,available,,,,
L-2230,"Detroit, MI","New Orleans, LA",2026-05-19T11:45:00+00:00,2026-05-20T19:16:22.853270+00:00,Dry Van,1790,TWIC card required at port pickup.,32000,Retail Goods,15,939,48x40x50 in pallets,available,,,,
L-2231,"Los Angeles, CA","Atlanta, GA",2026-05-28T10:00:00+00:00,2026-05-31T10:34:42.368440+00:00,Dry Van,3870,Multi-stop pickup at two locations.,36000,Consumer Goods,22,1932,48x40x70 in pallets,available,,,,
L-2232,"Indianapolis, IN","Charlotte, NC",2026-05-14T13:45:00+00:00,2026-05-15T00:58:44.450219+00:00,Flatbed,1150,Appointment required at delivery.,22000,Concrete Products,15,428,240x96x53 in,booked,SWIFT TRANSPORTATION CO OF ARIZONA LLC,244265,2026-05-07T08:45:00+00:00,1150
L-2233,"Los Angeles, CA","Kansas City, MO",2026-05-25T13:45:00+00:00,2026-05-27T17:01:44.057057+00:00,Dry Van,2590,FCFS pickup window.,28000,Retail Goods,30,1354,48x40x65 in pallets,available,,,,
L-2234,"Baltimore, MD","Tampa, FL",2026-05-25T13:15:00+00:00,2026-05-26T22:14:56.770481+00:00,Reefer,2090,Pre-cool trailer 1 hour before loading.,28000,Frozen Food,30,852,48x40x50 in pallets,booked,Big Sky Motor Lines,456813,2026-05-24T13:15:00+00:00,2090
L-2235,"Phoenix, AZ","San Antonio, TX",2026-05-12T06:45:00+00:00,2026-05-13T15:07:52.182773+00:00,Dry Van,1680,Appointment required at delivery.,28000,Apparel,12,846,48x40x70 in pallets,available,,,,
L-2236,"Memphis, TN","Tampa, FL",2026-05-06T15:15:00+00:00,2026-05-07T19:44:57.830064+00:00,Flatbed,1810,Tarps and chains required.,36000,Concrete Products,17,668,480x96x53 in,available,,,,
L-2237,"Memphis, TN","Kansas City, MO",2026-05-23T09:30:00+00:00,2026-05-23T21:10:15.392349+00:00,Dry Van,650,Detention paid after 2 hours.,28000,Packaged Food,7,369,48x40x55 in pallets,available,,,,
L-2238,"Newark, NJ","Albuquerque, NM",2026-05-08T07:30:00+00:00,2026-05-11T06:51:14.137959+00:00,Flatbed,4590,Tarps and chains required.,43000,Building Materials,26,1802,360x96x76 in,available,,,,
L-2239,"Chicago, IL","New Orleans, LA",2026-05-21T06:45:00+00:00,2026-05-22T13:30:44.833998+00:00,Dry Van,1640,No-touch freight.,38000,Auto Parts,20,835,48x40x60 in pallets,available,,,,
L-2240,"Phoenix, AZ","Dallas, TX",2026-05-03T13:30:00+00:00,2026-05-04T22:34:49.529853+00:00,Step Deck,2390,Detention paid after 2 hours.,43000,Oversized Cargo,32,884,240x102x127 in,available,,,,
L-2241,"Las Vegas, NV","Atlanta, GA",2026-05-18T06:22:38.353736+00:00,2026-05-21T02:58:28.479497+00:00,Dry Van,3470,Chains nicely from a delivery in this city — repeat-lane discount possible. Drop and hook at both ends.,46000,Packaged Food,7,1741,48x40x48 in pallets,available,,,,
L-2242,"Nashville, TN","Philadelphia, PA",2026-05-30T07:45:00+00:00,2026-05-31T11:14:09.861158+00:00,Dry Van,1210,Inside delivery. Driver assist required.,43000,Auto Parts,26,683,48x40x55 in pallets,booked,Continental Trans LLC,918275,2026-05-22T22:45:00+00:00,1210
L-2243,"El Paso, TX","Pittsburgh, PA",2026-05-09T06:30:00+00:00,2026-05-11T14:55:04.926884+00:00,Dry Van,2730,FCFS pickup window.,32000,Packaged Food,29,1588,48x40x70 in pallets,available,,,,
L-2244,"New Orleans, LA","Indianapolis, IN",2026-05-23T06:00:00+00:00,2026-05-24T09:06:49.264948+00:00,Dry Van,1250,Appointment required at delivery.,28000,Auto Parts,22,713,48x40x70 in pallets,booked,Continental Trans LLC,918275,2026-05-19T14:00:00+00:00,1250
L-2245,"Chicago, IL","Dallas, TX",2026-05-27T06:45:00+00:00,2026-05-28T13:36:22.046416+00:00,Dry Van,1390,Detention paid after 2 hours.,46000,Packaged Food,8,804,48x40x70 in pallets,available,,,,
L-2246,"Richmond, VA","Las Vegas, NV",2026-05-12T09:15:00+00:00,2026-05-15T12:13:15.183118+00:00,Dry Van,4020,Inside delivery. Driver assist required.,32000,Packaged Food,8,2072,48x40x65 in pallets,booked,Big Sky Motor Lines,456813,2026-05-09T12:15:00+00:00,4221
L-2247,"Memphis, TN","Dallas, TX",2026-05-06T13:30:00+00:00,2026-05-07T02:46:11.021180+00:00,Reefer,1060,Maintain 34F throughout transit.,32000,Pharmaceuticals,27,419,48x40x60 in pallets,available,,,,
L-2248,"Newark, NJ","Chicago, IL",2026-05-05T06:45:00+00:00,2026-05-06T10:11:46.113222+00:00,Dry Van,1280,Inside delivery. Driver assist required.,43000,Auto Parts,13,702,48x40x55 in pallets,available,,,,
L-2249,"Atlanta, GA","Sacramento, CA",2026-05-25T05:30:00+00:00,2026-05-28T07:56:30.418341+00:00,Dry Van,4120,FCFS pickup window.,36000,Apparel,26,2081,48x40x48 in pallets,booked,Big Sky Motor Lines,456813,2026-05-20T07:30:00+00:00,4120
L-2250,"Charlotte, NC","Detroit, MI",2026-05-04T08:45:00+00:00,2026-05-04T23:22:56.385550+00:00,Reefer,1190,Drop and hook at both ends.,28000,Dairy,17,504,48x40x55 in pallets,available,,,,
L-2251,"Houston, TX","New Orleans, LA",2026-05-12T14:15:00+00:00,2026-05-13T01:38:27.253506+00:00,Reefer,670,Live unload. Lumper fee reimbursed with receipt.,28000,Dairy,6,317,48x40x55 in pallets,available,,,,
L-2252,"Los Angeles, CA","San Antonio, TX",2026-05-17T09:45:00+00:00,2026-05-19T09:27:51.483386+00:00,Dry Van,2080,Multi-stop pickup at two locations.,43000,Beverages,23,1201,48x40x65 in pallets,booked,Big Sky Motor Lines,456813,2026-05-15T12:45:00+00:00,2184
L-2253,"San Antonio, TX","Pittsburgh, PA",2026-05-03T14:15:00+00:00,2026-05-05T17:56:50.112735+00:00,Dry Van,2450,Detention paid after 2 hours.,32000,Apparel,24,1290,48x40x70 in pallets,booked,Big Sky Motor Lines,456813,2026-05-01T08:15:00+00:00,2450
L-2254,"New Orleans, LA","Los Angeles, CA",2026-05-24T08:00:00+00:00,2026-05-27T02:21:28.508454+00:00,Dry Van,2910,Drop and hook at both ends.,43000,Beverages,15,1669,48x40x70 in pallets,booked,Lonestar Logistics LLC,885214,2026-05-18T01:00:00+00:00,2910
L-2255,"Miami, FL","Seattle, WA",2026-05-23T07:00:00+00:00,2026-05-27T08:16:31.189885+00:00,Dry Van,5180,FCFS pickup window.,41000,Consumer Goods,11,2731,48x40x55 in pallets,booked,Summit Cargo Solutions,203684,2026-05-16T18:00:00+00:00,5180
L-2256,"Houston, TX","Pittsburgh, PA",2026-05-25T05:30:00+00:00,2026-05-27T05:28:06.352992+00:00,Flatbed,2910,FCFS pickup window.,38000,Steel,28,1137,480x96x76 in,available,,,,
L-2257,"Dallas, TX","Boston, MA",2026-05-02T13:15:00+00:00,2026-05-04T19:42:02.704001+00:00,Dry Van,3080,Live unload. Lumper fee reimbursed with receipt.,38000,Packaged Food,13,1549,48x40x70 in pallets,available,,,,
L-2258,"Detroit, MI","Dallas, TX",2026-05-08T05:45:00+00:00,2026-05-09T15:09:57.261547+00:00,Dry Van,1760,Drop and hook at both ends.,32000,Consumer Goods,23,998,48x40x70 in pallets,available,,,,
L-2259,"Miami, FL","Charlotte, NC",2026-05-08T11:30:00+00:00,2026-05-09T13:41:06.114595+00:00,Dry Van,1250,Live unload. Lumper fee reimbursed with receipt.,28000,Packaged Food,22,655,48x40x70 in pallets,booked,Heartland Hauling,339476,2026-04-30T22:30:00+00:00,1250
L-2260,"Boston, MA","El Paso, TX",2026-05-26T14:00:00+00:00,2026-05-29T19:10:34.743467+00:00,Dry Van,4190,FCFS pickup window.,28000,Electronics,30,2068,48x40x55 in pallets,booked,J.B. HUNT TRANSPORT INC,184320,2026-05-19T13:00:00+00:00,4400
L-2261,"Phoenix, AZ","Sacramento, CA",2026-05-01T10:15:00+00:00,2026-05-02T12:05:46.969305+00:00,Reefer,1560,Appointment required at delivery.,38000,Dairy,20,634,48x40x55 in pallets,available,,,,
L-2262,"Memphis, TN","Boston, MA",2026-05-24T14:15:00+00:00,2026-05-26T11:31:56.155826+00:00,Step Deck,2940,Multi-stop pickup at two locations.,43000,Heavy Machinery,17,1134,360x102x140 in,available,,,,
L-2263,"Newark, NJ","Dallas, TX",2026-05-25T11:30:00+00:00,2026-05-27T13:09:20.865879+00:00,Dry Van,2530,Drop and hook at both ends.,36000,Consumer Goods,10,1362,48x40x70 in pallets,available,,,,
L-2264,"Las Vegas, NV","Sacramento, CA",2026-05-29T14:45:00+00:00,2026-05-30T03:16:24.195500+00:00,Dry Van,720,Live unload. Lumper fee reimbursed with receipt.,41000,Electronics,24,386,48x40x48 in pallets,booked,Big Sky Motor Lines,456813,2026-05-24T20:45:00+00:00,720
L-2265,"Detroit, MI","Albuquerque, NM",2026-05-03T15:00:00+00:00,2026-05-05T17:57:35.753449+00:00,Reefer,3030,FCFS pickup window.,32000,Dairy,16,1361,48x40x60 in pallets,booked,Heartland Hauling,339476,2026-04-29T22:00:00+00:00,3030
L-2266,"Atlanta, GA","Nashville, TN",2026-05-09T08:00:00+00:00,2026-05-09T18:03:15.187479+00:00,Dry Van,430,Live unload. Lumper fee reimbursed with receipt.,32000,Paper Products,10,214,48x40x48 in pallets,booked,Summit Cargo Solutions,203684,2026-05-08T05:00:00+00:00,452
L-2267,"El Paso, TX","Baltimore, MD",2026-05-14T06:30:00+00:00,2026-05-17T05:20:18.740000+00:00,Dry Van,3270,TWIC card required at port pickup.,36000,Packaged Food,14,1749,48x40x48 in pallets,booked,Summit Cargo Solutions,203684,2026-05-11T15:30:00+00:00,3434
L-2268,"Houston, TX","Seattle, WA",2026-05-27T15:00:00+00:00,2026-05-30T13:38:24.299368+00:00,Flatbed,4480,Oversized load permit included.,41000,Lumber,13,1889,360x96x61 in,available,,,,
L-2269,"Detroit, MI","El Paso, TX",2026-05-09T07:00:00+00:00,2026-05-11T14:20:54.191138+00:00,Flatbed,3810,Multi-stop pickup at two locations.,46000,Lumber,13,1477,240x96x65 in,booked,Pine Ridge Trucking,672041,2026-05-01T10:00:00+00:00,3810
L-2270,"Houston, TX","Denver, CO",2026-05-02T08:15:00+00:00,2026-05-03T14:36:09.115707+00:00,Dry Van,1620,Live unload. Lumper fee reimbursed with receipt.,43000,Consumer Goods,24,878,48x40x65 in pallets,available,,,,
L-2271,"Sacramento, CA","Los Angeles, CA",2026-05-07T13:15:00+00:00,2026-05-07T22:50:16.492397+00:00,Dry Van,630,TWIC card required at port pickup.,41000,Auto Parts,7,361,48x40x50 in pallets,booked,J.B. HUNT TRANSPORT INC,184320,2026-05-02T01:15:00+00:00,630
L-2272,"St. Louis, MO","Charlotte, NC",2026-05-16T05:45:00+00:00,2026-05-17T07:49:22.266001+00:00,Flatbed,1400,Inside delivery. Driver assist required.,32000,Concrete Products,14,567,360x96x64 in,available,,,,
L-2273,"Newark, NJ","Denver, CO",2026-05-21T09:45:00+00:00,2026-05-23T17:45:28.687771+00:00,Dry Van,2790,FCFS pickup window.,46000,Electronics,18,1618,48x40x50 in pallets,booked,Cascadia Freight Co,541938,2026-05-18T16:45:00+00:00,2930
L-2274,"Chicago, IL","Portland, OR",2026-05-21T14:00:00+00:00,2026-05-24T13:02:15.412067+00:00,Flatbed,4450,TWIC card required at port pickup.,41000,Building Materials,17,1754,480x96x68 in,available,,,,
L-2275,"Phoenix, AZ","New Orleans, LA",2026-05-01T10:15:00+00:00,2026-05-03T10:37:37.969832+00:00,Dry Van,2260,TWIC card required at port pickup.,38000,Retail Goods,22,1313,48x40x55 in pallets,available,,,,
L-2276,"Birmingham, AL","Indianapolis, IN",2026-05-08T08:30:00+00:00,2026-05-08T21:17:41.129730+00:00,Dry Van,860,Appointment required at delivery.,22000,Auto Parts,24,433,48x40x60 in pallets,booked,Heartland Hauling,339476,2026-05-04T11:30:00+00:00,860
L-2277,"Denver, CO","Portland, OR",2026-05-19T10:30:00+00:00,2026-05-20T21:46:33.312059+00:00,Dry Van,1920,No-touch freight.,22000,Electronics,24,981,48x40x65 in pallets,booked,Gulf Coast Carriers,721594,2026-05-12T22:30:00+00:00,1920
L-2278,"San Antonio, TX","Chicago, IL",2026-05-10T07:45:00+00:00,2026-05-11T16:57:42.677873+00:00,Reefer,2340,Appointment required at delivery.,22000,Meat,6,1053,48x40x65 in pallets,booked,J.B. HUNT TRANSPORT INC,184320,2026-05-09T03:45:00+00:00,2340
L-2279,"Chicago, IL","Dallas, TX",2026-05-26T07:30:00+00:00,2026-05-27T14:26:51.901911+00:00,Dry Van,1390,Inside delivery. Driver assist required.,41000,Electronics,24,804,48x40x70 in pallets,available,,,,
L-2280,"Minneapolis, MN","Denver, CO",2026-05-28T14:30:00+00:00,2026-05-29T20:18:08.046004+00:00,Step Deck,2070,Detention paid after 2 hours.,41000,Heavy Machinery,24,698,240x102x117 in,available,,,,
L-2281,"Phoenix, AZ","Atlanta, GA",2026-05-24T11:45:00+00:00,2026-05-26T20:06:24.195825+00:00,Dry Van,3120,Multi-stop pickup at two locations.,32000,Retail Goods,28,1588,48x40x65 in pallets,available,,,,
L-2282,"Charlotte, NC","Jacksonville, FL",2026-05-13T09:30:00+00:00,2026-05-13T18:49:45.816452+00:00,Dry Van,700,Detention paid after 2 hours.,22000,Retail Goods,30,341,48x40x65 in pallets,available,,,,
L-2283,"Dallas, TX","Portland, OR",2026-05-30T15:15:00+00:00,2026-06-02T00:25:42.913528+00:00,Reefer,4150,Inside delivery. Driver assist required.,28000,Produce,16,1631,48x40x70 in pallets,available,,,,
L-2284,"Dallas, TX","Cleveland, OH",2026-05-06T06:30:00+00:00,2026-05-07T16:45:59.471051+00:00,Dry Van,1820,Live unload. Lumper fee reimbursed with receipt.,38000,Packaged Food,17,1024,48x40x55 in pallets,available,,,,
L-2285,"Charlotte, NC","Las Vegas, NV",2026-05-02T11:45:00+00:00,2026-05-05T12:58:49.216721+00:00,Flatbed,5250,TWIC card required at port pickup.,32000,Steel,18,1915,360x96x70 in,booked,J.B. HUNT TRANSPORT INC,184320,2026-04-30T20:45:00+00:00,5250
L-2286,"Seattle, WA","Las Vegas, NV",2026-05-21T08:15:00+00:00,2026-05-22T15:28:30.538836+00:00,Reefer,1960,No-touch freight.,22000,Meat,14,871,48x40x48 in pallets,booked,Summit Cargo Solutions,203684,2026-05-15T08:15:00+00:00,1960
L-2287,"Dallas, TX","Jacksonville, FL",2026-05-06T06:00:00+00:00,2026-05-07T13:28:18.488413+00:00,Dry Van,1780,Detention paid after 2 hours.,46000,Beverages,26,906,48x40x50 in pallets,available,,,,
L-2288,"Memphis, TN","Richmond, VA",2026-05-04T10:15:00+00:00,2026-05-05T16:32:51.337258+00:00,Dry Van,1410,Multi-stop pickup at two locations.,43000,Consumer Goods,14,720,48x40x70 in pallets,booked,Lonestar Logistics LLC,885214,2026-04-28T00:15:00+00:00,1410
L-2289,"Phoenix, AZ","Nashville, TN",2026-05-02T11:45:00+00:00,2026-05-04T15:12:15.695057+00:00,Dry Van,2460,Live unload. Lumper fee reimbursed with receipt.,41000,Auto Parts,15,1442,48x40x70 in pallets,available,,,,
L-2290,"Nashville, TN","Newark, NJ",2026-05-01T08:15:00+00:00,2026-05-02T13:49:21.945491+00:00,Dry Van,1410,Live unload. Lumper fee reimbursed with receipt.,28000,Auto Parts,15,751,48x40x60 in pallets,booked,Big Sky Motor Lines,456813,2026-04-27T09:15:00+00:00,1410
L-2291,"Chicago, IL","Boston, MA",2026-05-03T14:45:00+00:00,2026-05-04T20:26:58.289576+00:00,Flatbed,2110,TWIC card required at port pickup.,43000,Lumber,7,848,360x96x64 in,available,,,,
L-2292,"Chicago, IL","Columbus, OH",2026-05-19T05:15:00+00:00,2026-05-19T15:46:44.186046+00:00,Dry Van,480,No-touch freight.,28000,Apparel,31,276,48x40x65 in pallets,available,,,,
L-2293,"Chicago, IL","Detroit, MI",2026-05-27T11:45:00+00:00,2026-05-27T22:19:57.038939+00:00,Reefer,560,Appointment required at delivery.,46000,Frozen Food,21,236,48x40x55 in pallets,booked,SCHNEIDER NATIONAL CARRIERS INC,87413,2026-05-19T16:45:00+00:00,588
L-2294,"Houston, TX","Birmingham, AL",2026-05-17T15:15:00+00:00,2026-05-18T15:03:04.058996+00:00,Flatbed,1350,Inside delivery. Driver assist required.,46000,Steel,12,566,300x96x44 in,booked,SCHNEIDER NATIONAL CARRIERS INC,87413,2026-05-12T18:15:00+00:00,1350
L-2295,"Dallas, TX","Richmond, VA",2026-05-07T07:30:00+00:00,2026-05-09T05:34:44.392638+00:00,Dry Van,1980,Multi-stop pickup at two locations.,28000,Beverages,18,1140,48x40x65 in pallets,booked,J.B. HUNT TRANSPORT INC,184320,2026-05-01T16:30:00+00:00,2079
L-2296,"Phoenix, AZ","Pittsburgh, PA",2026-05-30T05:45:00+00:00,2026-06-02T02:42:00.271334+00:00,Reefer,3990,Maintain 34F throughout transit.,32000,Dairy,24,1825,48x40x48 in pallets,booked,Continental Trans LLC,918275,2026-05-28T05:45:00+00:00,3990
L-2297,"St. Louis, MO","Las Vegas, NV",2026-05-26T09:30:00+00:00,2026-05-28T14:30:41.667303+00:00,Reefer,3150,TWIC card required at port pickup.,38000,Frozen Food,24,1375,48x40x65 in pallets,booked,WERNER ENTERPRISES INC,118273,2026-05-24T19:30:00+00:00,3150
L-2298,"Chicago, IL","San Antonio, TX",2026-05-13T07:45:00+00:00,2026-05-14T16:57:54.468468+00:00,Dry Van,2060,Drop and hook at both ends.,41000,Apparel,29,1053,48x40x60 in pallets,booked,Gulf Coast Carriers,721594,2026-05-11T08:45:00+00:00,2060
L-2299,"Minneapolis, MN","Columbus, OH",2026-05-11T09:30:00+00:00,2026-05-12T11:09:40.991806+00:00,Dry Van,1270,Live unload. Lumper fee reimbursed with receipt.,46000,Consumer Goods,13,627,48x40x50 in pallets,booked,Continental Trans LLC,918275,2026-05-05T10:30:00+00:00,1270
L-2300,"Phoenix, AZ","Baltimore, MD",2026-05-09T11:00:00+00:00,2026-05-12T11:45:06.273949+00:00,Step Deck,6180,Detention paid after 2 hours.,36000,Construction Equipment,29,2000,300x102x144 in,booked,J.B. HUNT TRANSPORT INC,184320,2026-05-06T00:00:00+00:00,6489
